"","var","rel.inf"
"1","distanceToGoal",19.7997731277884
"2","cos_theta_opp_2",13.1118694534
"3","cos_theta_opp_1",12.615018278702
"4","ball_vel_y",11.2771862430475
"5","ball_pos_y",10.9678751897529
"6","ball_pos_z",8.62101293859012
"7","shot_taker_pos_z",4.48183297449846
"8","ball_vel_z",3.86862145513443
"9","ball_vel_x",2.21868304073258
"10","shot_taker_vel_z",1.64939922478988
