feature	coefficient
ball_pos_y	0.30011833716968483
shot_taker_pos_z	0.1879144806023426
ball_pos_z	-0.15680362614858304
ball_vel_y	0.13992345401989092
shot_taker_pos_y	-0.09775175821220437
logDistanceToGoal	-0.0761840456380961
opp_1_pos_y	-0.07094707626063386
opp_2_pos_y	-0.06509652536711108
ball_ang_vel_x	0.056859331175892154
cos_theta_opp_2	-0.04462392509378303
