"","Mean","Standard Deviation"
"1",0.975139628841369,0.266444875733078
